#oghma_csv {"title":"Excess charge density above equilibrium - Applied voltage","type":"xy","y_label":"Applied Voltage","data_label":"Charge density","y_units":"Volts","rgb":"0000ff","data_units":"m^{-3}","x_len":-1,"y_len":351,"z_len":-1,"cols":"yd"}*
#Applied Voltage (Volts) , Charge density (m^{-3}) 
-1.500000e+00 5.003995e+23
-1.490000e+00 5.035030e+23
-1.480000e+00 5.066262e+23
-1.470000e+00 5.097695e+23
-1.460000e+00 5.129334e+23
-1.450000e+00 5.161185e+23
-1.440000e+00 5.193250e+23
-1.430000e+00 5.225534e+23
-1.420000e+00 5.258041e+23
-1.410000e+00 5.290771e+23
-1.400000e+00 5.323727e+23
-1.390000e+00 5.356910e+23
-1.380000e+00 5.390320e+23
-1.370000e+00 5.423956e+23
-1.360000e+00 5.457817e+23
-1.350000e+00 5.491899e+23
-1.340000e+00 5.526201e+23
-1.330000e+00 5.560718e+23
-1.320000e+00 5.595446e+23
-1.310000e+00 5.630380e+23
-1.300000e+00 5.665514e+23
-1.290000e+00 5.700844e+23
-1.280000e+00 5.736363e+23
-1.270000e+00 5.772066e+23
-1.260000e+00 5.807947e+23
-1.250000e+00 5.844002e+23
-1.240000e+00 5.880224e+23
-1.230000e+00 5.916610e+23
-1.220000e+00 5.953156e+23
-1.210000e+00 5.989860e+23
-1.200000e+00 6.026720e+23
-1.190000e+00 6.063734e+23
-1.180000e+00 6.100903e+23
-1.170000e+00 6.138228e+23
-1.160000e+00 6.175711e+23
-1.150000e+00 6.213355e+23
-1.140000e+00 6.251165e+23
-1.130000e+00 6.289145e+23
-1.120000e+00 6.327302e+23
-1.110000e+00 6.365644e+23
-1.100000e+00 6.404177e+23
-1.090000e+00 6.442910e+23
-1.080000e+00 6.481853e+23
-1.070000e+00 6.521015e+23
-1.060000e+00 6.560404e+23
-1.050000e+00 6.600033e+23
-1.040000e+00 6.639909e+23
-1.030000e+00 6.680043e+23
-1.020000e+00 6.720444e+23
-1.010000e+00 6.761121e+23
-1.000000e+00 6.802081e+23
-9.900000e-01 6.843331e+23
-9.800000e-01 6.884878e+23
-9.700000e-01 6.926726e+23
-9.600000e-01 6.968878e+23
-9.500000e-01 7.011338e+23
-9.400000e-01 7.054104e+23
-9.300000e-01 7.097177e+23
-9.200000e-01 7.140553e+23
-9.100000e-01 7.184228e+23
-9.000000e-01 7.228197e+23
-8.900000e-01 7.272454e+23
-8.800000e-01 7.316989e+23
-8.700000e-01 7.361794e+23
-8.600000e-01 7.406859e+23
-8.500000e-01 7.452173e+23
-8.400000e-01 7.497727e+23
-8.300000e-01 7.543510e+23
-8.200000e-01 7.589511e+23
-8.100000e-01 7.635722e+23
-8.000000e-01 7.682135e+23
-7.900000e-01 7.728741e+23
-7.800000e-01 7.775535e+23
-7.700000e-01 7.822513e+23
-7.600000e-01 7.869673e+23
-7.500000e-01 7.917015e+23
-7.400000e-01 7.964539e+23
-7.300000e-01 8.012250e+23
-7.200000e-01 8.060153e+23
-7.100000e-01 8.108255e+23
-7.000000e-01 8.156566e+23
-6.900000e-01 8.205097e+23
-6.800000e-01 8.253860e+23
-6.700000e-01 8.302870e+23
-6.600000e-01 8.352141e+23
-6.500000e-01 8.401690e+23
-6.400000e-01 8.451534e+23
-6.300000e-01 8.501688e+23
-6.200000e-01 8.552172e+23
-6.100000e-01 8.603000e+23
-6.000000e-01 8.654190e+23
-5.900000e-01 8.705756e+23
-5.800000e-01 8.757713e+23
-5.700000e-01 8.810071e+23
-5.600000e-01 8.862843e+23
-5.500000e-01 8.916035e+23
-5.400000e-01 8.969652e+23
-5.300000e-01 9.023698e+23
-5.200000e-01 9.078173e+23
-5.100000e-01 9.133072e+23
-5.000000e-01 9.188391e+23
-4.900000e-01 9.244120e+23
-4.800000e-01 9.300247e+23
-4.700000e-01 9.356760e+23
-4.600000e-01 9.413641e+23
-4.500000e-01 9.470875e+23
-4.400000e-01 9.528442e+23
-4.300000e-01 9.586325e+23
-4.200000e-01 9.644505e+23
-4.100000e-01 9.702965e+23
-4.000000e-01 9.761689e+23
-3.900000e-01 9.820664e+23
-3.800000e-01 9.879878e+23
-3.700000e-01 9.939324e+23
-3.600000e-01 9.998997e+23
-3.500000e-01 1.005890e+24
-3.400000e-01 1.011902e+24
-3.300000e-01 1.017938e+24
-3.200000e-01 1.023999e+24
-3.100000e-01 1.030086e+24
-3.000000e-01 1.036200e+24
-2.900000e-01 1.042344e+24
-2.800000e-01 1.048521e+24
-2.700000e-01 1.054732e+24
-2.600000e-01 1.060980e+24
-2.500000e-01 1.067269e+24
-2.400000e-01 1.073601e+24
-2.300000e-01 1.079980e+24
-2.200000e-01 1.086407e+24
-2.100000e-01 1.092887e+24
-2.000000e-01 1.099422e+24
-1.900000e-01 1.106013e+24
-1.800000e-01 1.112664e+24
-1.700000e-01 1.119375e+24
-1.600000e-01 1.126147e+24
-1.500000e-01 1.132982e+24
-1.400000e-01 1.139880e+24
-1.300000e-01 1.146839e+24
-1.200000e-01 1.153860e+24
-1.100000e-01 1.160939e+24
-1.000000e-01 1.168076e+24
-9.000000e-02 1.175267e+24
-8.000000e-02 1.182511e+24
-7.000000e-02 1.189803e+24
-6.000000e-02 1.197141e+24
-5.000000e-02 1.204521e+24
-4.000000e-02 1.211941e+24
-3.000000e-02 1.219397e+24
-2.000000e-02 1.226889e+24
-1.000000e-02 1.234413e+24
1.196959e-15 1.241969e+24
1.000000e-02 1.249557e+24
2.000000e-02 1.257176e+24
3.000000e-02 1.264829e+24
4.000000e-02 1.272517e+24
5.000000e-02 1.280243e+24
6.000000e-02 1.288011e+24
7.000000e-02 1.295823e+24
8.000000e-02 1.303686e+24
9.000000e-02 1.311603e+24
1.000000e-01 1.319580e+24
1.100000e-01 1.327623e+24
1.200000e-01 1.335736e+24
1.300000e-01 1.343925e+24
1.400000e-01 1.352196e+24
1.500000e-01 1.360552e+24
1.600000e-01 1.368998e+24
1.700000e-01 1.377537e+24
1.800000e-01 1.386171e+24
1.900000e-01 1.394902e+24
2.000000e-01 1.403731e+24
2.100000e-01 1.412656e+24
2.200000e-01 1.421676e+24
2.300000e-01 1.430788e+24
2.400000e-01 1.439987e+24
2.500000e-01 1.449269e+24
2.600000e-01 1.458629e+24
2.700000e-01 1.468062e+24
2.800000e-01 1.477561e+24
2.900000e-01 1.487123e+24
3.000000e-01 1.496743e+24
3.100000e-01 1.506419e+24
3.200000e-01 1.516149e+24
3.300000e-01 1.525932e+24
3.400000e-01 1.535771e+24
3.500000e-01 1.545670e+24
3.600000e-01 1.555633e+24
3.700000e-01 1.565667e+24
3.800000e-01 1.575780e+24
3.900000e-01 1.585981e+24
4.000000e-01 1.596281e+24
4.100000e-01 1.606689e+24
4.200000e-01 1.617217e+24
4.300000e-01 1.627875e+24
4.400000e-01 1.638674e+24
4.500000e-01 1.649623e+24
4.600000e-01 1.660731e+24
4.700000e-01 1.672004e+24
4.800000e-01 1.683447e+24
4.900000e-01 1.695063e+24
5.000000e-01 1.706851e+24
5.100000e-01 1.718808e+24
5.200000e-01 1.730930e+24
5.300000e-01 1.743210e+24
5.400000e-01 1.755640e+24
5.500000e-01 1.768210e+24
5.600000e-01 1.780914e+24
5.700000e-01 1.793744e+24
5.800000e-01 1.806697e+24
5.900000e-01 1.819773e+24
6.000000e-01 1.832976e+24
6.100000e-01 1.846313e+24
6.200000e-01 1.859798e+24
6.300000e-01 1.873448e+24
6.400000e-01 1.887282e+24
6.500000e-01 1.901325e+24
6.600000e-01 1.915601e+24
6.700000e-01 1.930138e+24
6.800000e-01 1.944963e+24
6.900000e-01 1.960104e+24
7.000000e-01 1.975583e+24
7.100000e-01 1.991420e+24
7.200000e-01 2.007626e+24
7.300000e-01 2.024207e+24
7.400000e-01 2.041152e+24
7.500000e-01 2.058441e+24
7.600000e-01 2.076039e+24
7.700000e-01 2.093896e+24
7.800000e-01 2.111947e+24
7.900000e-01 2.130110e+24
8.000000e-01 2.148289e+24
8.100000e-01 2.166368e+24
8.200000e-01 2.184212e+24
8.300000e-01 2.201668e+24
8.400000e-01 2.218563e+24
8.500000e-01 2.234715e+24
8.600000e-01 2.249936e+24
8.700000e-01 2.264044e+24
8.800000e-01 2.276876e+24
8.900000e-01 2.288297e+24
9.000000e-01 2.298201e+24
9.100000e-01 2.306518e+24
9.200000e-01 2.313208e+24
9.300000e-01 2.318262e+24
9.400000e-01 2.321695e+24
9.500000e-01 2.323543e+24
9.600000e-01 2.323857e+24
9.700000e-01 2.322703e+24
9.800000e-01 2.320156e+24
9.900000e-01 2.316301e+24
1.000000e+00 2.311225e+24
1.010000e+00 2.305022e+24
1.020000e+00 2.297788e+24
1.030000e+00 2.289617e+24
1.040000e+00 2.280603e+24
1.050000e+00 2.270836e+24
1.060000e+00 2.260403e+24
1.070000e+00 2.249384e+24
1.080000e+00 2.237854e+24
1.090000e+00 2.225882e+24
1.100000e+00 2.213531e+24
1.110000e+00 2.200858e+24
1.120000e+00 2.187914e+24
1.130000e+00 2.174745e+24
1.140000e+00 2.161394e+24
1.150000e+00 2.147899e+24
1.160000e+00 2.134295e+24
1.170000e+00 2.120613e+24
1.180000e+00 2.106882e+24
1.190000e+00 2.093127e+24
1.200000e+00 2.079372e+24
1.210000e+00 2.065636e+24
1.220000e+00 2.051936e+24
1.230000e+00 2.038288e+24
1.240000e+00 2.024703e+24
1.250000e+00 2.011191e+24
1.260000e+00 1.997758e+24
1.270000e+00 1.984411e+24
1.280000e+00 1.971153e+24
1.290000e+00 1.957985e+24
1.300000e+00 1.944908e+24
1.310000e+00 1.931922e+24
1.320000e+00 1.919026e+24
1.330000e+00 1.906219e+24
1.340000e+00 1.893498e+24
1.350000e+00 1.880863e+24
1.360000e+00 1.868312e+24
1.370000e+00 1.855842e+24
1.380000e+00 1.843453e+24
1.390000e+00 1.831144e+24
1.400000e+00 1.818914e+24
1.410000e+00 1.806762e+24
1.420000e+00 1.794689e+24
1.430000e+00 1.782695e+24
1.440000e+00 1.770780e+24
1.450000e+00 1.758944e+24
1.460000e+00 1.747188e+24
1.470000e+00 1.735512e+24
1.480000e+00 1.723917e+24
1.490000e+00 1.712402e+24
1.500000e+00 1.700969e+24
1.510000e+00 1.689616e+24
1.520000e+00 1.678344e+24
1.530000e+00 1.667152e+24
1.540000e+00 1.656040e+24
1.550000e+00 1.645007e+24
1.560000e+00 1.634052e+24
1.570000e+00 1.623174e+24
1.580000e+00 1.612372e+24
1.590000e+00 1.601645e+24
1.600000e+00 1.590991e+24
1.610000e+00 1.580409e+24
1.620000e+00 1.569898e+24
1.630000e+00 1.559456e+24
1.640000e+00 1.549083e+24
1.650000e+00 1.538777e+24
1.660000e+00 1.528537e+24
1.670000e+00 1.518362e+24
1.680000e+00 1.508252e+24
1.690000e+00 1.498204e+24
1.700000e+00 1.488220e+24
1.710000e+00 1.478297e+24
1.720000e+00 1.468436e+24
1.730000e+00 1.458635e+24
1.740000e+00 1.448895e+24
1.750000e+00 1.439215e+24
1.760000e+00 1.429594e+24
1.770000e+00 1.420032e+24
1.780000e+00 1.410529e+24
1.790000e+00 1.401083e+24
1.800000e+00 1.391696e+24
1.810000e+00 1.382366e+24
1.820000e+00 1.373093e+24
1.830000e+00 1.363876e+24
1.840000e+00 1.354715e+24
1.850000e+00 1.345610e+24
1.860000e+00 1.336559e+24
1.870000e+00 1.327563e+24
1.880000e+00 1.318621e+24
1.890000e+00 1.309731e+24
1.900000e+00 1.300895e+24
1.910000e+00 1.292110e+24
1.920000e+00 1.283377e+24
1.930000e+00 1.274695e+24
1.940000e+00 1.266063e+24
1.950000e+00 1.257480e+24
1.960000e+00 1.248947e+24
1.970000e+00 1.240462e+24
1.980000e+00 1.232025e+24
1.990000e+00 1.223636e+24
2.000000e+00 1.215294e+24
