#oghma_csv {"title":"Total charge density - Applied voltage","type":"xy","y_label":"Applied Voltage","data_label":"Total charge density","y_units":"Volts","rgb":"0000ff","data_units":"m^{-3}","x_len":-1,"y_len":351,"z_len":-1,"cols":"yd"}*
#Applied Voltage (Volts) , Total charge density (m^{-3}) 
-1.500000e+00 5.022056e+23
-1.490000e+00 5.053091e+23
-1.480000e+00 5.084323e+23
-1.470000e+00 5.115756e+23
-1.460000e+00 5.147396e+23
-1.450000e+00 5.179246e+23
-1.440000e+00 5.211311e+23
-1.430000e+00 5.243596e+23
-1.420000e+00 5.276102e+23
-1.410000e+00 5.308832e+23
-1.400000e+00 5.341789e+23
-1.390000e+00 5.374972e+23
-1.380000e+00 5.408381e+23
-1.370000e+00 5.442017e+23
-1.360000e+00 5.475878e+23
-1.350000e+00 5.509960e+23
-1.340000e+00 5.544262e+23
-1.330000e+00 5.578779e+23
-1.320000e+00 5.613507e+23
-1.310000e+00 5.648441e+23
-1.300000e+00 5.683576e+23
-1.290000e+00 5.718905e+23
-1.280000e+00 5.754425e+23
-1.270000e+00 5.790128e+23
-1.260000e+00 5.826009e+23
-1.250000e+00 5.862063e+23
-1.240000e+00 5.898285e+23
-1.230000e+00 5.934671e+23
-1.220000e+00 5.971218e+23
-1.210000e+00 6.007921e+23
-1.200000e+00 6.044781e+23
-1.190000e+00 6.081795e+23
-1.180000e+00 6.118964e+23
-1.170000e+00 6.156289e+23
-1.160000e+00 6.193772e+23
-1.150000e+00 6.231416e+23
-1.140000e+00 6.269226e+23
-1.130000e+00 6.307206e+23
-1.120000e+00 6.345364e+23
-1.110000e+00 6.383705e+23
-1.100000e+00 6.422238e+23
-1.090000e+00 6.460972e+23
-1.080000e+00 6.499914e+23
-1.070000e+00 6.539076e+23
-1.060000e+00 6.578466e+23
-1.050000e+00 6.618094e+23
-1.040000e+00 6.657970e+23
-1.030000e+00 6.698105e+23
-1.020000e+00 6.738505e+23
-1.010000e+00 6.779182e+23
-1.000000e+00 6.820142e+23
-9.900000e-01 6.861392e+23
-9.800000e-01 6.902939e+23
-9.700000e-01 6.944787e+23
-9.600000e-01 6.986940e+23
-9.500000e-01 7.029399e+23
-9.400000e-01 7.072165e+23
-9.300000e-01 7.115238e+23
-9.200000e-01 7.158614e+23
-9.100000e-01 7.202289e+23
-9.000000e-01 7.246259e+23
-8.900000e-01 7.290515e+23
-8.800000e-01 7.335050e+23
-8.700000e-01 7.379855e+23
-8.600000e-01 7.424920e+23
-8.500000e-01 7.470235e+23
-8.400000e-01 7.515788e+23
-8.300000e-01 7.561571e+23
-8.200000e-01 7.607573e+23
-8.100000e-01 7.653784e+23
-8.000000e-01 7.700196e+23
-7.900000e-01 7.746802e+23
-7.800000e-01 7.793596e+23
-7.700000e-01 7.840575e+23
-7.600000e-01 7.887735e+23
-7.500000e-01 7.935076e+23
-7.400000e-01 7.982601e+23
-7.300000e-01 8.030311e+23
-7.200000e-01 8.078214e+23
-7.100000e-01 8.126316e+23
-7.000000e-01 8.174627e+23
-6.900000e-01 8.223158e+23
-6.800000e-01 8.271921e+23
-6.700000e-01 8.320931e+23
-6.600000e-01 8.370203e+23
-6.500000e-01 8.419752e+23
-6.400000e-01 8.469595e+23
-6.300000e-01 8.519750e+23
-6.200000e-01 8.570233e+23
-6.100000e-01 8.621061e+23
-6.000000e-01 8.672251e+23
-5.900000e-01 8.723817e+23
-5.800000e-01 8.775774e+23
-5.700000e-01 8.828133e+23
-5.600000e-01 8.880904e+23
-5.500000e-01 8.934096e+23
-5.400000e-01 8.987713e+23
-5.300000e-01 9.041760e+23
-5.200000e-01 9.096234e+23
-5.100000e-01 9.151134e+23
-5.000000e-01 9.206452e+23
-4.900000e-01 9.262181e+23
-4.800000e-01 9.318309e+23
-4.700000e-01 9.374821e+23
-4.600000e-01 9.431703e+23
-4.500000e-01 9.488936e+23
-4.400000e-01 9.546504e+23
-4.300000e-01 9.604386e+23
-4.200000e-01 9.662566e+23
-4.100000e-01 9.721026e+23
-4.000000e-01 9.779751e+23
-3.900000e-01 9.838725e+23
-3.800000e-01 9.897940e+23
-3.700000e-01 9.957386e+23
-3.600000e-01 1.001706e+24
-3.500000e-01 1.007696e+24
-3.400000e-01 1.013708e+24
-3.300000e-01 1.019745e+24
-3.200000e-01 1.025805e+24
-3.100000e-01 1.031892e+24
-3.000000e-01 1.038006e+24
-2.900000e-01 1.044150e+24
-2.800000e-01 1.050327e+24
-2.700000e-01 1.056538e+24
-2.600000e-01 1.062786e+24
-2.500000e-01 1.069075e+24
-2.400000e-01 1.075407e+24
-2.300000e-01 1.081786e+24
-2.200000e-01 1.088213e+24
-2.100000e-01 1.094693e+24
-2.000000e-01 1.101228e+24
-1.900000e-01 1.107819e+24
-1.800000e-01 1.114470e+24
-1.700000e-01 1.121181e+24
-1.600000e-01 1.127954e+24
-1.500000e-01 1.134789e+24
-1.400000e-01 1.141686e+24
-1.300000e-01 1.148645e+24
-1.200000e-01 1.155666e+24
-1.100000e-01 1.162745e+24
-1.000000e-01 1.169882e+24
-9.000000e-02 1.177074e+24
-8.000000e-02 1.184317e+24
-7.000000e-02 1.191609e+24
-6.000000e-02 1.198947e+24
-5.000000e-02 1.206327e+24
-4.000000e-02 1.213747e+24
-3.000000e-02 1.221204e+24
-2.000000e-02 1.228695e+24
-1.000000e-02 1.236219e+24
1.196959e-15 1.243775e+24
1.000000e-02 1.251363e+24
2.000000e-02 1.258983e+24
3.000000e-02 1.266636e+24
4.000000e-02 1.274324e+24
5.000000e-02 1.282050e+24
6.000000e-02 1.289817e+24
7.000000e-02 1.297629e+24
8.000000e-02 1.305492e+24
9.000000e-02 1.313409e+24
1.000000e-01 1.321386e+24
1.100000e-01 1.329429e+24
1.200000e-01 1.337542e+24
1.300000e-01 1.345731e+24
1.400000e-01 1.354002e+24
1.500000e-01 1.362358e+24
1.600000e-01 1.370804e+24
1.700000e-01 1.379343e+24
1.800000e-01 1.387977e+24
1.900000e-01 1.396708e+24
2.000000e-01 1.405537e+24
2.100000e-01 1.414462e+24
2.200000e-01 1.423482e+24
2.300000e-01 1.432594e+24
2.400000e-01 1.441793e+24
2.500000e-01 1.451075e+24
2.600000e-01 1.460435e+24
2.700000e-01 1.469868e+24
2.800000e-01 1.479367e+24
2.900000e-01 1.488929e+24
3.000000e-01 1.498549e+24
3.100000e-01 1.508225e+24
3.200000e-01 1.517955e+24
3.300000e-01 1.527738e+24
3.400000e-01 1.537578e+24
3.500000e-01 1.547476e+24
3.600000e-01 1.557439e+24
3.700000e-01 1.567473e+24
3.800000e-01 1.577586e+24
3.900000e-01 1.587787e+24
4.000000e-01 1.598087e+24
4.100000e-01 1.608495e+24
4.200000e-01 1.619023e+24
4.300000e-01 1.629681e+24
4.400000e-01 1.640480e+24
4.500000e-01 1.651430e+24
4.600000e-01 1.662537e+24
4.700000e-01 1.673810e+24
4.800000e-01 1.685253e+24
4.900000e-01 1.696869e+24
5.000000e-01 1.708657e+24
5.100000e-01 1.720614e+24
5.200000e-01 1.732736e+24
5.300000e-01 1.745016e+24
5.400000e-01 1.757446e+24
5.500000e-01 1.770016e+24
5.600000e-01 1.782720e+24
5.700000e-01 1.795550e+24
5.800000e-01 1.808503e+24
5.900000e-01 1.821579e+24
6.000000e-01 1.834782e+24
6.100000e-01 1.848119e+24
6.200000e-01 1.861605e+24
6.300000e-01 1.875254e+24
6.400000e-01 1.889088e+24
6.500000e-01 1.903131e+24
6.600000e-01 1.917407e+24
6.700000e-01 1.931944e+24
6.800000e-01 1.946770e+24
6.900000e-01 1.961910e+24
7.000000e-01 1.977389e+24
7.100000e-01 1.993226e+24
7.200000e-01 2.009433e+24
7.300000e-01 2.026013e+24
7.400000e-01 2.042958e+24
7.500000e-01 2.060247e+24
7.600000e-01 2.077846e+24
7.700000e-01 2.095703e+24
7.800000e-01 2.113753e+24
7.900000e-01 2.131916e+24
8.000000e-01 2.150095e+24
8.100000e-01 2.168174e+24
8.200000e-01 2.186018e+24
8.300000e-01 2.203474e+24
8.400000e-01 2.220369e+24
8.500000e-01 2.236521e+24
8.600000e-01 2.251742e+24
8.700000e-01 2.265850e+24
8.800000e-01 2.278683e+24
8.900000e-01 2.290103e+24
9.000000e-01 2.300007e+24
9.100000e-01 2.308324e+24
9.200000e-01 2.315014e+24
9.300000e-01 2.320068e+24
9.400000e-01 2.323501e+24
9.500000e-01 2.325349e+24
9.600000e-01 2.325663e+24
9.700000e-01 2.324509e+24
9.800000e-01 2.321963e+24
9.900000e-01 2.318107e+24
1.000000e+00 2.313031e+24
1.010000e+00 2.306829e+24
1.020000e+00 2.299594e+24
1.030000e+00 2.291423e+24
1.040000e+00 2.282409e+24
1.050000e+00 2.272642e+24
1.060000e+00 2.262209e+24
1.070000e+00 2.251190e+24
1.080000e+00 2.239660e+24
1.090000e+00 2.227688e+24
1.100000e+00 2.215338e+24
1.110000e+00 2.202664e+24
1.120000e+00 2.189720e+24
1.130000e+00 2.176551e+24
1.140000e+00 2.163201e+24
1.150000e+00 2.149706e+24
1.160000e+00 2.136101e+24
1.170000e+00 2.122419e+24
1.180000e+00 2.108688e+24
1.190000e+00 2.094934e+24
1.200000e+00 2.081178e+24
1.210000e+00 2.067442e+24
1.220000e+00 2.053743e+24
1.230000e+00 2.040094e+24
1.240000e+00 2.026509e+24
1.250000e+00 2.012997e+24
1.260000e+00 1.999565e+24
1.270000e+00 1.986217e+24
1.280000e+00 1.972959e+24
1.290000e+00 1.959791e+24
1.300000e+00 1.946714e+24
1.310000e+00 1.933728e+24
1.320000e+00 1.920832e+24
1.330000e+00 1.908025e+24
1.340000e+00 1.895305e+24
1.350000e+00 1.882669e+24
1.360000e+00 1.870118e+24
1.370000e+00 1.857648e+24
1.380000e+00 1.845259e+24
1.390000e+00 1.832950e+24
1.400000e+00 1.820720e+24
1.410000e+00 1.808568e+24
1.420000e+00 1.796496e+24
1.430000e+00 1.784501e+24
1.440000e+00 1.772586e+24
1.450000e+00 1.760750e+24
1.460000e+00 1.748994e+24
1.470000e+00 1.737318e+24
1.480000e+00 1.725723e+24
1.490000e+00 1.714209e+24
1.500000e+00 1.702775e+24
1.510000e+00 1.691422e+24
1.520000e+00 1.680150e+24
1.530000e+00 1.668959e+24
1.540000e+00 1.657847e+24
1.550000e+00 1.646814e+24
1.560000e+00 1.635859e+24
1.570000e+00 1.624981e+24
1.580000e+00 1.614178e+24
1.590000e+00 1.603451e+24
1.600000e+00 1.592797e+24
1.610000e+00 1.582215e+24
1.620000e+00 1.571704e+24
1.630000e+00 1.561262e+24
1.640000e+00 1.550889e+24
1.650000e+00 1.540583e+24
1.660000e+00 1.530343e+24
1.670000e+00 1.520168e+24
1.680000e+00 1.510058e+24
1.690000e+00 1.500011e+24
1.700000e+00 1.490026e+24
1.710000e+00 1.480103e+24
1.720000e+00 1.470242e+24
1.730000e+00 1.460442e+24
1.740000e+00 1.450701e+24
1.750000e+00 1.441021e+24
1.760000e+00 1.431400e+24
1.770000e+00 1.421838e+24
1.780000e+00 1.412335e+24
1.790000e+00 1.402889e+24
1.800000e+00 1.393502e+24
1.810000e+00 1.384172e+24
1.820000e+00 1.374899e+24
1.830000e+00 1.365682e+24
1.840000e+00 1.356521e+24
1.850000e+00 1.347416e+24
1.860000e+00 1.338365e+24
1.870000e+00 1.329369e+24
1.880000e+00 1.320427e+24
1.890000e+00 1.311537e+24
1.900000e+00 1.302701e+24
1.910000e+00 1.293916e+24
1.920000e+00 1.285183e+24
1.930000e+00 1.276501e+24
1.940000e+00 1.267869e+24
1.950000e+00 1.259286e+24
1.960000e+00 1.250753e+24
1.970000e+00 1.242268e+24
1.980000e+00 1.233831e+24
1.990000e+00 1.225442e+24
2.000000e+00 1.217100e+24
