#oghma_csv {"title":"Voltage - Current density (Right)","type":"xy","y_label":"Right Voltage","data_label":"Right Current","y_units":"V","rgb":"0000ff","data_units":"A m^{-2}","x_len":-1,"y_len":351,"z_len":-1,"cols":"yd"}*
#Right Voltage (V) , Right Current (A m^{-2}) 
-1.500000e+00 -1.057048e+05
-1.490000e+00 -1.055678e+05
-1.480000e+00 -1.054306e+05
-1.470000e+00 -1.052931e+05
-1.460000e+00 -1.051553e+05
-1.450000e+00 -1.050172e+05
-1.440000e+00 -1.048787e+05
-1.430000e+00 -1.047399e+05
-1.420000e+00 -1.046007e+05
-1.410000e+00 -1.044612e+05
-1.400000e+00 -1.043213e+05
-1.390000e+00 -1.041810e+05
-1.380000e+00 -1.040404e+05
-1.370000e+00 -1.038993e+05
-1.360000e+00 -1.037580e+05
-1.350000e+00 -1.036163e+05
-1.340000e+00 -1.034743e+05
-1.330000e+00 -1.033320e+05
-1.320000e+00 -1.031894e+05
-1.310000e+00 -1.030465e+05
-1.300000e+00 -1.029034e+05
-1.290000e+00 -1.027602e+05
-1.280000e+00 -1.026167e+05
-1.270000e+00 -1.024731e+05
-1.260000e+00 -1.023294e+05
-1.250000e+00 -1.021857e+05
-1.240000e+00 -1.020418e+05
-1.230000e+00 -1.018979e+05
-1.220000e+00 -1.017540e+05
-1.210000e+00 -1.016100e+05
-1.200000e+00 -1.014661e+05
-1.190000e+00 -1.013221e+05
-1.180000e+00 -1.011782e+05
-1.170000e+00 -1.010343e+05
-1.160000e+00 -1.008904e+05
-1.150000e+00 -1.007464e+05
-1.140000e+00 -1.006024e+05
-1.130000e+00 -1.004584e+05
-1.120000e+00 -1.003144e+05
-1.110000e+00 -1.001702e+05
-1.100000e+00 -1.000259e+05
-1.090000e+00 -9.988143e+04
-1.080000e+00 -9.973680e+04
-1.070000e+00 -9.959194e+04
-1.060000e+00 -9.944683e+04
-1.050000e+00 -9.930143e+04
-1.040000e+00 -9.915570e+04
-1.030000e+00 -9.900961e+04
-1.020000e+00 -9.886312e+04
-1.010000e+00 -9.871622e+04
-1.000000e+00 -9.856886e+04
-9.900000e-01 -9.842103e+04
-9.800000e-01 -9.827271e+04
-9.700000e-01 -9.812388e+04
-9.600000e-01 -9.797454e+04
-9.500000e-01 -9.782468e+04
-9.400000e-01 -9.767430e+04
-9.300000e-01 -9.752341e+04
-9.200000e-01 -9.737203e+04
-9.100000e-01 -9.722017e+04
-9.000000e-01 -9.706786e+04
-8.900000e-01 -9.691513e+04
-8.800000e-01 -9.676201e+04
-8.700000e-01 -9.660854e+04
-8.600000e-01 -9.645476e+04
-8.500000e-01 -9.630071e+04
-8.400000e-01 -9.614643e+04
-8.300000e-01 -9.599196e+04
-8.200000e-01 -9.583734e+04
-8.100000e-01 -9.568261e+04
-8.000000e-01 -9.552780e+04
-7.900000e-01 -9.537295e+04
-7.800000e-01 -9.521807e+04
-7.700000e-01 -9.506318e+04
-7.600000e-01 -9.490829e+04
-7.500000e-01 -9.475341e+04
-7.400000e-01 -9.459853e+04
-7.300000e-01 -9.444365e+04
-7.200000e-01 -9.428876e+04
-7.100000e-01 -9.413381e+04
-7.000000e-01 -9.397880e+04
-6.900000e-01 -9.382368e+04
-6.800000e-01 -9.366842e+04
-6.700000e-01 -9.351297e+04
-6.600000e-01 -9.335728e+04
-6.500000e-01 -9.320130e+04
-6.400000e-01 -9.304498e+04
-6.300000e-01 -9.288827e+04
-6.200000e-01 -9.273112e+04
-6.100000e-01 -9.257348e+04
-6.000000e-01 -9.241528e+04
-5.900000e-01 -9.225650e+04
-5.800000e-01 -9.209709e+04
-5.700000e-01 -9.193702e+04
-5.600000e-01 -9.177626e+04
-5.500000e-01 -9.161478e+04
-5.400000e-01 -9.145258e+04
-5.300000e-01 -9.128966e+04
-5.200000e-01 -9.112601e+04
-5.100000e-01 -9.096165e+04
-5.000000e-01 -9.079662e+04
-4.900000e-01 -9.063094e+04
-4.800000e-01 -9.046465e+04
-4.700000e-01 -9.029780e+04
-4.600000e-01 -9.013045e+04
-4.500000e-01 -8.996265e+04
-4.400000e-01 -8.979447e+04
-4.300000e-01 -8.962596e+04
-4.200000e-01 -8.945720e+04
-4.100000e-01 -8.928823e+04
-4.000000e-01 -8.911910e+04
-3.900000e-01 -8.894987e+04
-3.800000e-01 -8.878058e+04
-3.700000e-01 -8.861124e+04
-3.600000e-01 -8.844188e+04
-3.500000e-01 -8.827250e+04
-3.400000e-01 -8.810311e+04
-3.300000e-01 -8.793368e+04
-3.200000e-01 -8.776420e+04
-3.100000e-01 -8.759461e+04
-3.000000e-01 -8.742488e+04
-2.900000e-01 -8.725494e+04
-2.800000e-01 -8.708474e+04
-2.700000e-01 -8.691421e+04
-2.600000e-01 -8.674326e+04
-2.500000e-01 -8.657182e+04
-2.400000e-01 -8.639981e+04
-2.300000e-01 -8.622715e+04
-2.200000e-01 -8.605376e+04
-2.100000e-01 -8.587957e+04
-2.000000e-01 -8.570451e+04
-1.900000e-01 -8.552853e+04
-1.800000e-01 -8.535157e+04
-1.700000e-01 -8.517360e+04
-1.600000e-01 -8.499459e+04
-1.500000e-01 -8.481454e+04
-1.400000e-01 -8.463344e+04
-1.300000e-01 -8.445133e+04
-1.200000e-01 -8.426823e+04
-1.100000e-01 -8.408420e+04
-1.000000e-01 -8.389930e+04
-9.000000e-02 -8.371361e+04
-8.000000e-02 -8.352722e+04
-7.000000e-02 -8.334021e+04
-6.000000e-02 -8.315267e+04
-5.000000e-02 -8.296470e+04
-4.000000e-02 -8.277639e+04
-3.000000e-02 -8.258780e+04
-2.000000e-02 -8.239902e+04
-1.000000e-02 -8.221008e+04
1.196959e-15 -8.202103e+04
1.000000e-02 -8.183187e+04
2.000000e-02 -8.164261e+04
3.000000e-02 -8.145321e+04
4.000000e-02 -8.126363e+04
5.000000e-02 -8.107381e+04
6.000000e-02 -8.088366e+04
7.000000e-02 -8.069310e+04
8.000000e-02 -8.050201e+04
9.000000e-02 -8.031027e+04
1.000000e-01 -8.011776e+04
1.100000e-01 -7.992435e+04
1.200000e-01 -7.972991e+04
1.300000e-01 -7.953432e+04
1.400000e-01 -7.933747e+04
1.500000e-01 -7.913925e+04
1.600000e-01 -7.893957e+04
1.700000e-01 -7.873836e+04
1.800000e-01 -7.853558e+04
1.900000e-01 -7.833120e+04
2.000000e-01 -7.812522e+04
2.100000e-01 -7.791769e+04
2.200000e-01 -7.770864e+04
2.300000e-01 -7.749819e+04
2.400000e-01 -7.728642e+04
2.500000e-01 -7.707346e+04
2.600000e-01 -7.685947e+04
2.700000e-01 -7.664457e+04
2.800000e-01 -7.642890e+04
2.900000e-01 -7.621260e+04
3.000000e-01 -7.599577e+04
3.100000e-01 -7.577848e+04
3.200000e-01 -7.556079e+04
3.300000e-01 -7.534271e+04
3.400000e-01 -7.512420e+04
3.500000e-01 -7.490519e+04
3.600000e-01 -7.468558e+04
3.700000e-01 -7.446522e+04
3.800000e-01 -7.424395e+04
3.900000e-01 -7.402157e+04
4.000000e-01 -7.379785e+04
4.100000e-01 -7.357259e+04
4.200000e-01 -7.334555e+04
4.300000e-01 -7.311651e+04
4.400000e-01 -7.288526e+04
4.500000e-01 -7.265159e+04
4.600000e-01 -7.241535e+04
4.700000e-01 -7.217642e+04
4.800000e-01 -7.193469e+04
4.900000e-01 -7.169015e+04
5.000000e-01 -7.144281e+04
5.100000e-01 -7.119274e+04
5.200000e-01 -7.094006e+04
5.300000e-01 -7.068491e+04
5.400000e-01 -7.042746e+04
5.500000e-01 -7.016786e+04
5.600000e-01 -6.990621e+04
5.700000e-01 -6.964257e+04
5.800000e-01 -6.937684e+04
5.900000e-01 -6.910880e+04
6.000000e-01 -6.883800e+04
6.100000e-01 -6.856377e+04
6.200000e-01 -6.828508e+04
6.300000e-01 -6.800049e+04
6.400000e-01 -6.770802e+04
6.500000e-01 -6.740492e+04
6.600000e-01 -6.708741e+04
6.700000e-01 -6.675028e+04
6.800000e-01 -6.638630e+04
6.900000e-01 -6.598541e+04
7.000000e-01 -6.553361e+04
7.100000e-01 -6.501135e+04
7.200000e-01 -6.439137e+04
7.300000e-01 -6.363577e+04
7.400000e-01 -6.269206e+04
7.500000e-01 -6.148807e+04
7.600000e-01 -5.992547e+04
7.700000e-01 -5.787200e+04
7.800000e-01 -5.515267e+04
7.900000e-01 -5.154069e+04
8.000000e-01 -4.674980e+04
8.100000e-01 -4.043047e+04
8.200000e-01 -3.217317e+04
8.300000e-01 -2.152223e+04
8.400000e-01 -8.002301e+03
8.500000e-01 8.843363e+03
8.600000e-01 2.940775e+04
8.700000e-01 5.397647e+04
8.800000e-01 8.269493e+04
8.900000e-01 1.155530e+05
9.000000e-01 1.523887e+05
9.100000e-01 1.929078e+05
9.200000e-01 2.367125e+05
9.300000e-01 2.833349e+05
9.400000e-01 3.322675e+05
9.500000e-01 3.829911e+05
9.600000e-01 4.349963e+05
9.700000e-01 4.878008e+05
9.800000e-01 5.409617e+05
9.900000e-01 5.940844e+05
1.000000e+00 6.468273e+05
1.010000e+00 6.989048e+05
1.020000e+00 7.500871e+05
1.030000e+00 8.001977e+05
1.040000e+00 8.491098e+05
1.050000e+00 8.967403e+05
1.060000e+00 9.430442e+05
1.070000e+00 9.880070e+05
1.080000e+00 1.031638e+06
1.090000e+00 1.073966e+06
1.100000e+00 1.115029e+06
1.110000e+00 1.154876e+06
1.120000e+00 1.193559e+06
1.130000e+00 1.231132e+06
1.140000e+00 1.267649e+06
1.150000e+00 1.303163e+06
1.160000e+00 1.337727e+06
1.170000e+00 1.371392e+06
1.180000e+00 1.404205e+06
1.190000e+00 1.436216e+06
1.200000e+00 1.467470e+06
1.210000e+00 1.498010e+06
1.220000e+00 1.527879e+06
1.230000e+00 1.557118e+06
1.240000e+00 1.585766e+06
1.250000e+00 1.613856e+06
1.260000e+00 1.641424e+06
1.270000e+00 1.668499e+06
1.280000e+00 1.695110e+06
1.290000e+00 1.721282e+06
1.300000e+00 1.747037e+06
1.310000e+00 1.772396e+06
1.320000e+00 1.797375e+06
1.330000e+00 1.821991e+06
1.340000e+00 1.846258e+06
1.350000e+00 1.870186e+06
1.360000e+00 1.893786e+06
1.370000e+00 1.917069e+06
1.380000e+00 1.940042e+06
1.390000e+00 1.962713e+06
1.400000e+00 1.985088e+06
1.410000e+00 2.007176e+06
1.420000e+00 2.028982e+06
1.430000e+00 2.050512e+06
1.440000e+00 2.071774e+06
1.450000e+00 2.092773e+06
1.460000e+00 2.113516e+06
1.470000e+00 2.134009e+06
1.480000e+00 2.154259e+06
1.490000e+00 2.174272e+06
1.500000e+00 2.194055e+06
1.510000e+00 2.213613e+06
1.520000e+00 2.232954e+06
1.530000e+00 2.252082e+06
1.540000e+00 2.271005e+06
1.550000e+00 2.289727e+06
1.560000e+00 2.308254e+06
1.570000e+00 2.326591e+06
1.580000e+00 2.344743e+06
1.590000e+00 2.362714e+06
1.600000e+00 2.380508e+06
1.610000e+00 2.398130e+06
1.620000e+00 2.415583e+06
1.630000e+00 2.432870e+06
1.640000e+00 2.449994e+06
1.650000e+00 2.466960e+06
1.660000e+00 2.483768e+06
1.670000e+00 2.500423e+06
1.680000e+00 2.516926e+06
1.690000e+00 2.533279e+06
1.700000e+00 2.549486e+06
1.710000e+00 2.565548e+06
1.720000e+00 2.581468e+06
1.730000e+00 2.597247e+06
1.740000e+00 2.612888e+06
1.750000e+00 2.628393e+06
1.760000e+00 2.643764e+06
1.770000e+00 2.659002e+06
1.780000e+00 2.674111e+06
1.790000e+00 2.689091e+06
1.800000e+00 2.703946e+06
1.810000e+00 2.718676e+06
1.820000e+00 2.733284e+06
1.830000e+00 2.747771e+06
1.840000e+00 2.762140e+06
1.850000e+00 2.776393e+06
1.860000e+00 2.790530e+06
1.870000e+00 2.804554e+06
1.880000e+00 2.818467e+06
1.890000e+00 2.832270e+06
1.900000e+00 2.845963e+06
1.910000e+00 2.859550e+06
1.920000e+00 2.873032e+06
1.930000e+00 2.886408e+06
1.940000e+00 2.899682e+06
1.950000e+00 2.912854e+06
1.960000e+00 2.925925e+06
1.970000e+00 2.938896e+06
1.980000e+00 2.951769e+06
1.990000e+00 2.964544e+06
2.000000e+00 2.977223e+06
